<?xml version="1.0" encoding="UTF-8"?>
<record_update sys_domain="global" table="sys_app_module">
    <sys_app_module action="INSERT_OR_UPDATE">
        <active>true</active>
        <application display_value="HV Issue Tracker">80a9ce524f831300c6094ea18110c729</application>
        <assessment/>
        <content_page/>
        <device_type/>
        <filter/>
        <hint/>
        <homepage/>
        <image/>
        <link_type>NEW</link_type>
        <map_page/>
        <mobile_title>Create New</mobile_title>
        <mobile_view_name>Mobile</mobile_view_name>
        <name>x_186140_issuetrac_issuetracker_table</name>
        <order>100</order>
        <override_menu_roles>false</override_menu_roles>
        <query/>
        <report/>
        <roles/>
        <sys_class_name>sys_app_module</sys_class_name>
        <sys_created_by>admin</sys_created_by>
        <sys_created_on>2018-07-04 12:41:47</sys_created_on>
        <sys_domain>global</sys_domain>
        <sys_domain_path>/</sys_domain_path>
        <sys_id>45ab1a5e4f831300c6094ea18110c719</sys_id>
        <sys_mod_count>4</sys_mod_count>
        <sys_name>x_186140_issuetrac_issuetracker_table</sys_name>
        <sys_overrides/>
        <sys_package display_value="IssueTracker" source="x_186140_issuetrac">08a9869e4f031300c6094ea18110c78c</sys_package>
        <sys_policy/>
        <sys_scope display_value="IssueTracker">08a9869e4f031300c6094ea18110c78c</sys_scope>
        <sys_update_name>sys_app_module_45ab1a5e4f831300c6094ea18110c719</sys_update_name>
        <sys_updated_by>admin</sys_updated_by>
        <sys_updated_on>2018-07-04 12:51:32</sys_updated_on>
        <timeline_page/>
        <title>Create New</title>
        <uncancelable>false</uncancelable>
        <view_name/>
        <window_name/>
    </sys_app_module>
</record_update>
