<?xml version="1.0" encoding="UTF-8"?>
<record_update>
    <sys_ui_form_sections form_id="f81f0e564f831300c6094ea18110c738" sys_domain="global" table="x_186140_issuetrac_issuetracker_table" version="3">
        <sys_ui_form_section action="INSERT_OR_UPDATE">
            <position>0</position>
            <sys_created_by>admin</sys_created_by>
            <sys_created_on>2018-07-04 11:44:48</sys_created_on>
            <sys_domain>global</sys_domain>
            <sys_domain_path>/</sys_domain_path>
            <sys_id>301f0e564f831300c6094ea18110c73b</sys_id>
            <sys_mod_count>0</sys_mod_count>
            <sys_overrides/>
            <sys_ui_form display_value="x_186140_issuetrac_issuetracker_table" name="x_186140_issuetrac_issuetracker_table" sys_domain="global" view="Default view">f81f0e564f831300c6094ea18110c738</sys_ui_form>
            <sys_ui_section caption="NULL" display_value="" name="x_186140_issuetrac_issuetracker_table" sys_domain="global" view="Default view">28c9c2da4f031300c6094ea18110c7be</sys_ui_section>
            <sys_updated_by>admin</sys_updated_by>
            <sys_updated_on>2018-07-04 11:44:48</sys_updated_on>
        </sys_ui_form_section>
        <sys_ui_form_section action="INSERT_OR_UPDATE">
            <position>1</position>
            <sys_created_by>admin</sys_created_by>
            <sys_created_on>2018-07-04 11:52:58</sys_created_on>
            <sys_domain>global</sys_domain>
            <sys_domain_path>/</sys_domain_path>
            <sys_id>14f092d64f831300c6094ea18110c7bf</sys_id>
            <sys_mod_count>0</sys_mod_count>
            <sys_overrides/>
            <sys_ui_form display_value="x_186140_issuetrac_issuetracker_table" name="x_186140_issuetrac_issuetracker_table" sys_domain="global" view="Default view">f81f0e564f831300c6094ea18110c738</sys_ui_form>
            <sys_ui_section caption="Notes" display_value="Notes" name="x_186140_issuetrac_issuetracker_table" sys_domain="global" view="Default view">9cf092d64f831300c6094ea18110c7b1</sys_ui_section>
            <sys_updated_by>admin</sys_updated_by>
            <sys_updated_on>2018-07-04 11:52:58</sys_updated_on>
        </sys_ui_form_section>
        <sys_ui_form_section action="INSERT_OR_UPDATE">
            <position>2</position>
            <sys_created_by>admin</sys_created_by>
            <sys_created_on>2018-07-04 13:11:32</sys_created_on>
            <sys_domain>global</sys_domain>
            <sys_domain_path>/</sys_domain_path>
            <sys_id>53e26e524fc31300c6094ea18110c75b</sys_id>
            <sys_mod_count>0</sys_mod_count>
            <sys_overrides/>
            <sys_ui_form display_value="x_186140_issuetrac_issuetracker_table" name="x_186140_issuetrac_issuetracker_table" sys_domain="global" view="Default view">f81f0e564f831300c6094ea18110c738</sys_ui_form>
            <sys_ui_section caption="JIRA" display_value="JIRA" name="x_186140_issuetrac_issuetracker_table" sys_domain="global" view="Default view">57e26e524fc31300c6094ea18110c758</sys_ui_section>
            <sys_updated_by>admin</sys_updated_by>
            <sys_updated_on>2018-07-04 13:11:32</sys_updated_on>
        </sys_ui_form_section>
        <sys_ui_form action="INSERT_OR_UPDATE">
            <name>x_186140_issuetrac_issuetracker_table</name>
            <roles/>
            <sys_class_name>sys_ui_form</sys_class_name>
            <sys_created_by>admin</sys_created_by>
            <sys_created_on>2018-07-04 11:44:48</sys_created_on>
            <sys_domain>global</sys_domain>
            <sys_domain_path>/</sys_domain_path>
            <sys_id>f81f0e564f831300c6094ea18110c738</sys_id>
            <sys_mod_count>0</sys_mod_count>
            <sys_name>x_186140_issuetrac_issuetracker_table</sys_name>
            <sys_overrides/>
            <sys_package display_value="IssueTracker" source="x_186140_issuetrac">08a9869e4f031300c6094ea18110c78c</sys_package>
            <sys_policy/>
            <sys_scope display_value="IssueTracker">08a9869e4f031300c6094ea18110c78c</sys_scope>
            <sys_update_name>sys_ui_form_sections_f81f0e564f831300c6094ea18110c738</sys_update_name>
            <sys_updated_by>admin</sys_updated_by>
            <sys_updated_on>2018-07-04 11:44:48</sys_updated_on>
            <sys_user/>
            <view display_value="Default view" name="NULL">Default view</view>
            <view_name/>
        </sys_ui_form>
    </sys_ui_form_sections>
</record_update>
