<?xml version="1.0" encoding="UTF-8"?>
<record_update table="sys_user_role">
    <sys_user_role action="INSERT_OR_UPDATE">
        <assignable_by/>
        <can_delegate>true</can_delegate>
        <description/>
        <elevated_privilege>false</elevated_privilege>
        <grantable>true</grantable>
        <includes_roles/>
        <name>x_186140_issuetrac.user</name>
        <scoped_admin>false</scoped_admin>
        <suffix>user</suffix>
        <sys_class_name>sys_user_role</sys_class_name>
        <sys_created_by>admin</sys_created_by>
        <sys_created_on>2018-07-04 11:21:00</sys_created_on>
        <sys_id>94a902924f831300c6094ea18110c7df</sys_id>
        <sys_mod_count>0</sys_mod_count>
        <sys_name>x_186140_issuetrac.user</sys_name>
        <sys_package display_value="IssueTracker" source="x_186140_issuetrac">08a9869e4f031300c6094ea18110c78c</sys_package>
        <sys_policy/>
        <sys_scope display_value="IssueTracker">08a9869e4f031300c6094ea18110c78c</sys_scope>
        <sys_update_name>sys_user_role_94a902924f831300c6094ea18110c7df</sys_update_name>
        <sys_updated_by>admin</sys_updated_by>
        <sys_updated_on>2018-07-04 11:21:00</sys_updated_on>
    </sys_user_role>
</record_update>
