<?xml version="1.0" encoding="UTF-8"?>
<record_update table="sys_auth_profile_basic">
    <sys_auth_profile_basic action="INSERT_OR_UPDATE">
        <name>JIRA Service Account</name>
        <password>yuYHGRou7M8=</password>
        <sys_class_name>sys_auth_profile_basic</sys_class_name>
        <sys_created_by>admin</sys_created_by>
        <sys_created_on>2018-07-19 09:25:20</sys_created_on>
        <sys_id>b6debe4f4f131300c6094ea18110c78b</sys_id>
        <sys_mod_count>0</sys_mod_count>
        <sys_name>JIRA Service Account</sys_name>
        <sys_package display_value="IssueTracker" source="x_186140_issuetrac">08a9869e4f031300c6094ea18110c78c</sys_package>
        <sys_policy/>
        <sys_scope display_value="IssueTracker">08a9869e4f031300c6094ea18110c78c</sys_scope>
        <sys_update_name>sys_auth_profile_basic_b6debe4f4f131300c6094ea18110c78b</sys_update_name>
        <sys_updated_by>admin</sys_updated_by>
        <sys_updated_on>2018-07-19 09:25:20</sys_updated_on>
        <username>servicenow</username>
    </sys_auth_profile_basic>
</record_update>
