<?xml version="1.0" encoding="UTF-8"?>
<record_update table="sys_ws_definition">
    <sys_ws_definition action="INSERT_OR_UPDATE">
        <active>true</active>
        <base_uri>/api/x_186140_issuetrac/jira_webhook</base_uri>
        <consumes>application/json,application/xml,text/xml</consumes>
        <consumes_customized>false</consumes_customized>
        <default_version>No active default version</default_version>
        <doc_link/>
        <enforce_acl>cf9d01d3e73003009d6247e603f6a990</enforce_acl>
        <is_versioned>false</is_versioned>
        <name>Jira Webhook</name>
        <namespace>x_186140_issuetrac</namespace>
        <produces>application/json,application/xml,text/xml</produces>
        <produces_customized>false</produces_customized>
        <service_id>jira_webhook</service_id>
        <short_description/>
        <sys_class_name>sys_ws_definition</sys_class_name>
        <sys_created_by>admin</sys_created_by>
        <sys_created_on>2018-07-20 14:54:38</sys_created_on>
        <sys_id>ff43dd2b4f131300c6094ea18110c777</sys_id>
        <sys_mod_count>0</sys_mod_count>
        <sys_name>Jira Webhook</sys_name>
        <sys_package display_value="IssueTracker" source="x_186140_issuetrac">08a9869e4f031300c6094ea18110c78c</sys_package>
        <sys_policy/>
        <sys_scope display_value="IssueTracker">08a9869e4f031300c6094ea18110c78c</sys_scope>
        <sys_update_name>sys_ws_definition_ff43dd2b4f131300c6094ea18110c777</sys_update_name>
        <sys_updated_by>admin</sys_updated_by>
        <sys_updated_on>2018-07-20 14:54:38</sys_updated_on>
    </sys_ws_definition>
</record_update>
