<?xml version="1.0" encoding="UTF-8"?>
<record_update sys_domain="global" table="sys_ui_module">
    <sys_ui_module action="INSERT_OR_UPDATE">
        <active>true</active>
        <application display_value="HV Issue Tracker">e0a942924f831300c6094ea18110c729</application>
        <filter/>
        <name>IssueTracker</name>
        <order/>
        <path/>
        <path_relative_to_root>false</path_relative_to_root>
        <roles>x_186140_issuetrac.user</roles>
        <sys_class_name>sys_ui_module</sys_class_name>
        <sys_created_by>admin</sys_created_by>
        <sys_created_on>2018-07-04 11:21:02</sys_created_on>
        <sys_domain>global</sys_domain>
        <sys_domain_path>/</sys_domain_path>
        <sys_id>64a942924f831300c6094ea18110c72b</sys_id>
        <sys_mod_count>0</sys_mod_count>
        <sys_name>IssueTracker</sys_name>
        <sys_package display_value="IssueTracker" source="x_186140_issuetrac">08a9869e4f031300c6094ea18110c78c</sys_package>
        <sys_policy/>
        <sys_scope display_value="IssueTracker">08a9869e4f031300c6094ea18110c78c</sys_scope>
        <sys_update_name>sys_ui_module_64a942924f831300c6094ea18110c72b</sys_update_name>
        <sys_updated_by>admin</sys_updated_by>
        <sys_updated_on>2018-07-04 11:21:02</sys_updated_on>
        <table>x_186140_issuetrac_issuetracker_table</table>
        <uncancelable>false</uncancelable>
        <view_name/>
    </sys_ui_module>
</record_update>
