<?xml version="1.0" encoding="UTF-8"?>
<record_update sys_domain="global" table="sys_script">
    <sys_script action="INSERT_OR_UPDATE">
        <abort_action>false</abort_action>
        <access>package_private</access>
        <action_delete>false</action_delete>
        <action_insert>false</action_insert>
        <action_query>false</action_query>
        <action_update>true</action_update>
        <active>false</active>
        <add_message>false</add_message>
        <advanced>true</advanced>
        <change_fields>false</change_fields>
        <client_callable>false</client_callable>
        <collection>x_186140_issuetrac_issuetracker_table</collection>
        <condition/>
        <description/>
        <execute_function>false</execute_function>
        <filter_condition table="x_186140_issuetrac_issuetracker_table">u_export=true^EQ<item endquery="false" field="u_export" goto="false" newquery="false" operator="=" or="false" value="true"/>
            <item endquery="true" field="" goto="false" newquery="false" operator="=" or="false" value=""/>
        </filter_condition>
        <is_rest>false</is_rest>
        <message/>
        <name>Test Get from Jira</name>
        <order>100</order>
        <priority>100</priority>
        <rest_method/>
        <rest_method_text/>
        <rest_service/>
        <rest_service_text/>
        <rest_variables/>
        <role_conditions/>
        <script><![CDATA[(function executeRule(current, previous /*null when async*/) {
	
	var requestBody;
	var responseBody;
	var status;
	var sm;
	try{
		sm = new sn_ws.RESTMessageV2('HV JIRA WIN', 'Default GET');
		sm.setStringParameter("JIRA Key", "SSIT-1");
		sm.setHttpTimeout(10000); //In milliseconds. Wait at most 10 seconds for response from http request.
		
		response = sm.execute();
		responseBody = response.haveError() ? response.getErrorMessage() : response.getBody();
		status = response.getStatusCode();
	} catch(ex) {
		responseBody = ex.getMessage();
		status = '500';
	} finally {
		requestBody = sm ? sm.getRequestBody():null;
	}
	gs.info("Request Body: " + requestBody);
	gs.info("Response: " + responseBody);
	gs.info("HTTP Status: " + status);
	// Add your code here
	current.description = responseBody;
	current.u_exported = true;
	current.update('Exported to Jira');
	
})(current, previous);]]></script>
        <sys_class_name>sys_script</sys_class_name>
        <sys_created_by>admin</sys_created_by>
        <sys_created_on>2018-07-19 12:39:10</sys_created_on>
        <sys_domain>global</sys_domain>
        <sys_domain_path>/</sys_domain_path>
        <sys_id>e75be7474f931300c6094ea18110c795</sys_id>
        <sys_mod_count>1</sys_mod_count>
        <sys_name>Test Get from Jira</sys_name>
        <sys_overrides/>
        <sys_package display_value="IssueTracker" source="x_186140_issuetrac">08a9869e4f031300c6094ea18110c78c</sys_package>
        <sys_policy/>
        <sys_scope display_value="IssueTracker">08a9869e4f031300c6094ea18110c78c</sys_scope>
        <sys_update_name>sys_script_e75be7474f931300c6094ea18110c795</sys_update_name>
        <sys_updated_by>admin</sys_updated_by>
        <sys_updated_on>2018-07-19 12:41:03</sys_updated_on>
        <template/>
        <when>async</when>
    </sys_script>
    <sys_translated_text action="delete_multiple" query="documentkey=e75be7474f931300c6094ea18110c795"/>
</record_update>
