<?xml version="1.0" encoding="UTF-8"?>
<record_update>
    <sys_ui_section caption="Notes" section_id="9cf092d64f831300c6094ea18110c7b1" sys_domain="global" table="x_186140_issuetrac_issuetracker_table" version="3" view="">
        <sys_ui_element action="INSERT_OR_UPDATE">
            <element>watch_list</element>
            <position>0</position>
            <sys_created_by>admin</sys_created_by>
            <sys_created_on>2018-07-04 11:52:58</sys_created_on>
            <sys_id>d0f092d64f831300c6094ea18110c7e1</sys_id>
            <sys_mod_count>0</sys_mod_count>
            <sys_ui_formatter/>
            <sys_ui_section caption="Notes" display_value="Notes" name="x_186140_issuetrac_issuetracker_table" sys_domain="global" view="Default view">9cf092d64f831300c6094ea18110c7b1</sys_ui_section>
            <sys_updated_by>admin</sys_updated_by>
            <sys_updated_on>2018-07-04 11:52:58</sys_updated_on>
            <sys_user/>
            <type/>
        </sys_ui_element>
        <sys_ui_element action="INSERT_OR_UPDATE">
            <element>.split</element>
            <position>1</position>
            <sys_created_by>admin</sys_created_by>
            <sys_created_on>2018-07-04 11:52:58</sys_created_on>
            <sys_id>54f092d64f831300c6094ea18110c7e1</sys_id>
            <sys_mod_count>0</sys_mod_count>
            <sys_ui_formatter/>
            <sys_ui_section caption="Notes" display_value="Notes" name="x_186140_issuetrac_issuetracker_table" sys_domain="global" view="Default view">9cf092d64f831300c6094ea18110c7b1</sys_ui_section>
            <sys_updated_by>admin</sys_updated_by>
            <sys_updated_on>2018-07-04 11:52:58</sys_updated_on>
            <sys_user/>
            <type>.split</type>
        </sys_ui_element>
        <sys_ui_element action="INSERT_OR_UPDATE">
            <element>work_notes_list</element>
            <position>2</position>
            <sys_created_by>admin</sys_created_by>
            <sys_created_on>2018-07-04 11:52:58</sys_created_on>
            <sys_id>d4f092d64f831300c6094ea18110c7e1</sys_id>
            <sys_mod_count>0</sys_mod_count>
            <sys_ui_formatter/>
            <sys_ui_section caption="Notes" display_value="Notes" name="x_186140_issuetrac_issuetracker_table" sys_domain="global" view="Default view">9cf092d64f831300c6094ea18110c7b1</sys_ui_section>
            <sys_updated_by>admin</sys_updated_by>
            <sys_updated_on>2018-07-04 11:52:58</sys_updated_on>
            <sys_user/>
            <type/>
        </sys_ui_element>
        <sys_ui_element action="INSERT_OR_UPDATE">
            <element>.end_split</element>
            <position>3</position>
            <sys_created_by>admin</sys_created_by>
            <sys_created_on>2018-07-04 11:52:58</sys_created_on>
            <sys_id>58f092d64f831300c6094ea18110c7e1</sys_id>
            <sys_mod_count>0</sys_mod_count>
            <sys_ui_formatter/>
            <sys_ui_section caption="Notes" display_value="Notes" name="x_186140_issuetrac_issuetracker_table" sys_domain="global" view="Default view">9cf092d64f831300c6094ea18110c7b1</sys_ui_section>
            <sys_updated_by>admin</sys_updated_by>
            <sys_updated_on>2018-07-04 11:52:58</sys_updated_on>
            <sys_user/>
            <type>.end_split</type>
        </sys_ui_element>
        <sys_ui_element action="INSERT_OR_UPDATE">
            <element>comments</element>
            <position>4</position>
            <sys_created_by>admin</sys_created_by>
            <sys_created_on>2018-07-04 11:52:58</sys_created_on>
            <sys_id>d8f092d64f831300c6094ea18110c7e1</sys_id>
            <sys_mod_count>0</sys_mod_count>
            <sys_ui_formatter/>
            <sys_ui_section caption="Notes" display_value="Notes" name="x_186140_issuetrac_issuetracker_table" sys_domain="global" view="Default view">9cf092d64f831300c6094ea18110c7b1</sys_ui_section>
            <sys_updated_by>admin</sys_updated_by>
            <sys_updated_on>2018-07-04 11:52:58</sys_updated_on>
            <sys_user/>
            <type/>
        </sys_ui_element>
        <sys_ui_element action="INSERT_OR_UPDATE">
            <element>work_notes</element>
            <position>5</position>
            <sys_created_by>admin</sys_created_by>
            <sys_created_on>2018-07-04 11:52:58</sys_created_on>
            <sys_id>5cf092d64f831300c6094ea18110c7e1</sys_id>
            <sys_mod_count>0</sys_mod_count>
            <sys_ui_formatter/>
            <sys_ui_section caption="Notes" display_value="Notes" name="x_186140_issuetrac_issuetracker_table" sys_domain="global" view="Default view">9cf092d64f831300c6094ea18110c7b1</sys_ui_section>
            <sys_updated_by>admin</sys_updated_by>
            <sys_updated_on>2018-07-04 11:52:58</sys_updated_on>
            <sys_user/>
            <type/>
        </sys_ui_element>
        <sys_ui_element action="INSERT_OR_UPDATE">
            <element>activity.xml</element>
            <position>6</position>
            <sys_created_by>admin</sys_created_by>
            <sys_created_on>2018-07-04 11:52:58</sys_created_on>
            <sys_id>dcf092d64f831300c6094ea18110c7e1</sys_id>
            <sys_mod_count>0</sys_mod_count>
            <sys_ui_formatter display_value="Activities (filtered)">444ea5c6bf310100e628555b3f0739d6</sys_ui_formatter>
            <sys_ui_section caption="Notes" display_value="Notes" name="x_186140_issuetrac_issuetracker_table" sys_domain="global" view="Default view">9cf092d64f831300c6094ea18110c7b1</sys_ui_section>
            <sys_updated_by>admin</sys_updated_by>
            <sys_updated_on>2018-07-04 11:52:58</sys_updated_on>
            <sys_user/>
            <type>formatter</type>
        </sys_ui_element>
        <sys_ui_section action="INSERT_OR_UPDATE">
            <caption>Notes</caption>
            <header>false</header>
            <name>x_186140_issuetrac_issuetracker_table</name>
            <roles/>
            <sys_class_name>sys_ui_section</sys_class_name>
            <sys_created_by>admin</sys_created_by>
            <sys_created_on>2018-07-04 11:52:57</sys_created_on>
            <sys_domain>global</sys_domain>
            <sys_domain_path>/</sys_domain_path>
            <sys_id>9cf092d64f831300c6094ea18110c7b1</sys_id>
            <sys_mod_count>0</sys_mod_count>
            <sys_name>Notes</sys_name>
            <sys_overrides/>
            <sys_package display_value="IssueTracker" source="x_186140_issuetrac">08a9869e4f031300c6094ea18110c78c</sys_package>
            <sys_policy/>
            <sys_scope display_value="IssueTracker">08a9869e4f031300c6094ea18110c78c</sys_scope>
            <sys_update_name>sys_ui_section_9cf092d64f831300c6094ea18110c7b1</sys_update_name>
            <sys_updated_by>admin</sys_updated_by>
            <sys_updated_on>2018-07-04 11:52:57</sys_updated_on>
            <sys_user/>
            <title>false</title>
            <view display_value="Default view" name="NULL">Default view</view>
            <view_name/>
        </sys_ui_section>
    </sys_ui_section>
</record_update>
