<?xml version="1.0" encoding="UTF-8"?>
<record_update sys_domain="global" table="sys_app_application">
    <sys_app_application action="INSERT_OR_UPDATE">
        <active>true</active>
        <category/>
        <description/>
        <device_type>browser</device_type>
        <hint/>
        <name>HV Issue Tracker</name>
        <order/>
        <roles>x_186140_issuetrac.user,x_186140_issuetrac.Jira_ServiceUser</roles>
        <sys_class_name>sys_app_application</sys_class_name>
        <sys_created_by>admin</sys_created_by>
        <sys_created_on>2018-07-04 11:21:00</sys_created_on>
        <sys_domain>global</sys_domain>
        <sys_domain_path>/</sys_domain_path>
        <sys_id>80a9ce524f831300c6094ea18110c729</sys_id>
        <sys_mod_count>2</sys_mod_count>
        <sys_name>HV Issue Tracker</sys_name>
        <sys_overrides/>
        <sys_package display_value="IssueTracker" source="x_186140_issuetrac">08a9869e4f031300c6094ea18110c78c</sys_package>
        <sys_policy/>
        <sys_scope display_value="IssueTracker">08a9869e4f031300c6094ea18110c78c</sys_scope>
        <sys_update_name>sys_app_application_80a9ce524f831300c6094ea18110c729</sys_update_name>
        <sys_updated_by>admin</sys_updated_by>
        <sys_updated_on>2018-07-04 12:42:20</sys_updated_on>
        <title>HV Issue Tracker</title>
        <view_name/>
    </sys_app_application>
</record_update>
