<?xml version="1.0" encoding="UTF-8"?>
<record_update>
    <sys_documentation element="u_category" label="Category" language="en" table="x_186140_issuetrac_issuetracker_table">
        <sys_documentation action="INSERT_OR_UPDATE">
            <element>u_category</element>
            <help/>
            <hint/>
            <label>Category</label>
            <language>en</language>
            <name>x_186140_issuetrac_issuetracker_table</name>
            <plural>Categories</plural>
            <sys_class_name>sys_documentation</sys_class_name>
            <sys_created_by>admin</sys_created_by>
            <sys_created_on>2018-07-04 11:44:49</sys_created_on>
            <sys_id>4d1f0e564f831300c6094ea18110c79a</sys_id>
            <sys_mod_count>0</sys_mod_count>
            <sys_name>Category</sys_name>
            <sys_package display_value="IssueTracker" source="x_186140_issuetrac">08a9869e4f031300c6094ea18110c78c</sys_package>
            <sys_policy/>
            <sys_scope display_value="IssueTracker">08a9869e4f031300c6094ea18110c78c</sys_scope>
            <sys_update_name>sys_documentation_x_186140_issuetrac_issuetracker_table_u_category_en</sys_update_name>
            <sys_updated_by>admin</sys_updated_by>
            <sys_updated_on>2018-07-04 11:44:49</sys_updated_on>
            <url/>
            <url_target/>
        </sys_documentation>
    </sys_documentation>
</record_update>
