<?xml version="1.0" encoding="UTF-8"?>
<record_update table="sys_scope_privilege">
    <sys_scope_privilege action="INSERT_OR_UPDATE">
        <operation>execute</operation>
        <source_scope display_value="IssueTracker">08a9869e4f031300c6094ea18110c78c</source_scope>
        <status>allowed</status>
        <sys_class_name>sys_scope_privilege</sys_class_name>
        <sys_created_by>admin</sys_created_by>
        <sys_created_on>2018-07-15 17:08:35</sys_created_on>
        <sys_id>c7a24c4a4f131300c6094ea18110c7d8</sys_id>
        <sys_mod_count>0</sys_mod_count>
        <sys_name>GlideRecord.update</sys_name>
        <sys_package display_value="IssueTracker" source="x_186140_issuetrac">08a9869e4f031300c6094ea18110c78c</sys_package>
        <sys_policy/>
        <sys_scope display_value="IssueTracker">08a9869e4f031300c6094ea18110c78c</sys_scope>
        <sys_update_name>sys_scope_privilege_c7a24c4a4f131300c6094ea18110c7d8</sys_update_name>
        <sys_updated_by>admin</sys_updated_by>
        <sys_updated_on>2018-07-15 17:08:35</sys_updated_on>
        <target_name>GlideRecord.update</target_name>
        <target_scope display_value="Global">global</target_scope>
        <target_type>scriptable</target_type>
    </sys_scope_privilege>
</record_update>
