<?xml version="1.0" encoding="UTF-8"?>
<record_update table="sys_rest_message_fn">
    <sys_rest_message_fn action="INSERT_OR_UPDATE">
        <authentication_type>basic</authentication_type>
        <basic_auth_password/>
        <basic_auth_profile display_value="JIRA Service Account">b6debe4f4f131300c6094ea18110c78b</basic_auth_profile>
        <basic_auth_user/>
        <content/>
        <function_name>Default GET</function_name>
        <http_method>get</http_method>
        <lock>false</lock>
        <oauth2_profile/>
        <protocol_name/>
        <qualified_name>HV JIRA WIN [ Default GET ]</qualified_name>
        <rest_endpoint>https://jirawin.hansevision.com/rest/api/2/issue/${JIRA Key}</rest_endpoint>
        <rest_message display_value="HV JIRA WIN">8b2c7e0b4f131300c6094ea18110c7c0</rest_message>
        <sys_class_name>sys_rest_message_fn</sys_class_name>
        <sys_created_by>admin</sys_created_by>
        <sys_created_on>2018-07-19 09:20:50</sys_created_on>
        <sys_id>8efd3e0b4f131300c6094ea18110c734</sys_id>
        <sys_mod_count>6</sys_mod_count>
        <sys_name>Default GET</sys_name>
        <sys_package display_value="IssueTracker" source="x_186140_issuetrac">08a9869e4f031300c6094ea18110c78c</sys_package>
        <sys_policy/>
        <sys_scope display_value="IssueTracker">08a9869e4f031300c6094ea18110c78c</sys_scope>
        <sys_update_name>sys_rest_message_fn_8efd3e0b4f131300c6094ea18110c734</sys_update_name>
        <sys_updated_by>admin</sys_updated_by>
        <sys_updated_on>2018-07-19 11:54:20</sys_updated_on>
        <use_basic_auth>false</use_basic_auth>
        <use_mid_server/>
        <use_mutual_auth>false</use_mutual_auth>
    </sys_rest_message_fn>
</record_update>
