<?xml version="1.0" encoding="UTF-8"?>
<record_update table="sys_scope_privilege">
    <sys_scope_privilege action="INSERT_OR_UPDATE">
        <operation>create</operation>
        <source_scope display_value="IssueTracker">08a9869e4f031300c6094ea18110c78c</source_scope>
        <status>allowed</status>
        <sys_class_name>sys_scope_privilege</sys_class_name>
        <sys_created_by>admin</sys_created_by>
        <sys_created_on>2018-07-04 13:53:40</sys_created_on>
        <sys_id>2c9c2a964fc31300c6094ea18110c7e1</sys_id>
        <sys_mod_count>0</sys_mod_count>
        <sys_name>sys_user</sys_name>
        <sys_package display_value="IssueTracker" source="x_186140_issuetrac">08a9869e4f031300c6094ea18110c78c</sys_package>
        <sys_policy/>
        <sys_scope display_value="IssueTracker">08a9869e4f031300c6094ea18110c78c</sys_scope>
        <sys_update_name>sys_scope_privilege_2c9c2a964fc31300c6094ea18110c7e1</sys_update_name>
        <sys_updated_by>admin</sys_updated_by>
        <sys_updated_on>2018-07-04 13:53:40</sys_updated_on>
        <target_name>sys_user</target_name>
        <target_scope display_value="Global">global</target_scope>
        <target_type>sys_db_object</target_type>
    </sys_scope_privilege>
</record_update>
