<?xml version="1.0" encoding="UTF-8"?>
<record_update table="sys_db_object">
    <sys_db_object action="INSERT_OR_UPDATE">
        <access>public</access>
        <actions_access>true</actions_access>
        <alter_access>true</alter_access>
        <client_scripts_access>true</client_scripts_access>
        <configuration_access>true</configuration_access>
        <create_access>true</create_access>
        <create_access_controls>true</create_access_controls>
        <delete_access>false</delete_access>
        <extension_model/>
        <is_extendable>false</is_extendable>
        <label>IssueTracker Table</label>
        <live_feed_enabled>true</live_feed_enabled>
        <name>x_186140_issuetrac_issuetracker_table</name>
        <number_ref display_value="HV">a4a942924f831300c6094ea18110c71f</number_ref>
        <provider_class/>
        <read_access>true</read_access>
        <super_class display_value="Task" name="task">6ccad1555d121300651727c3e282e84a</super_class>
        <sys_class_code/>
        <sys_class_name>sys_db_object</sys_class_name>
        <sys_class_path/>
        <sys_created_by>admin</sys_created_by>
        <sys_created_on>2018-07-04 11:21:01</sys_created_on>
        <sys_id>48a9869e4f031300c6094ea18110c78c</sys_id>
        <sys_mod_count>3</sys_mod_count>
        <sys_name>IssueTracker Table</sys_name>
        <sys_package display_value="IssueTracker" source="x_186140_issuetrac">08a9869e4f031300c6094ea18110c78c</sys_package>
        <sys_policy/>
        <sys_scope display_value="IssueTracker">08a9869e4f031300c6094ea18110c78c</sys_scope>
        <sys_update_name>sys_db_object_48a9869e4f031300c6094ea18110c78c</sys_update_name>
        <sys_updated_by>admin</sys_updated_by>
        <sys_updated_on>2018-07-18 12:14:39</sys_updated_on>
        <update_access>false</update_access>
        <user_role display_value="x_186140_issuetrac.user" name="x_186140_issuetrac.user">94a902924f831300c6094ea18110c7df</user_role>
        <ws_access>true</ws_access>
    </sys_db_object>
</record_update>
