<?xml version="1.0" encoding="UTF-8"?>
<record_update sys_domain="global" table="sys_script">
    <sys_script action="INSERT_OR_UPDATE">
        <abort_action>false</abort_action>
        <access>package_private</access>
        <action_delete>false</action_delete>
        <action_insert>false</action_insert>
        <action_query>false</action_query>
        <action_update>true</action_update>
        <active>true</active>
        <add_message>false</add_message>
        <advanced>true</advanced>
        <change_fields>false</change_fields>
        <client_callable>false</client_callable>
        <collection>x_186140_issuetrac_issuetracker_table</collection>
        <condition/>
        <description/>
        <execute_function>false</execute_function>
        <filter_condition table="x_186140_issuetrac_issuetracker_table">u_export=true^u_exported=true^u_jira_idISNOTEMPTY^EQ<item endquery="false" field="u_export" goto="false" newquery="false" operator="=" or="false" value="true"/>
            <item endquery="false" field="u_exported" goto="false" newquery="false" operator="=" or="false" value="true"/>
            <item endquery="false" field="u_jira_id" goto="false" newquery="false" operator="ISNOTEMPTY" or="false" value=""/>
            <item endquery="true" field="" goto="false" newquery="false" operator="=" or="false" value=""/>
        </filter_condition>
        <is_rest>false</is_rest>
        <message/>
        <name>Post Comment to JIRA</name>
        <order>200</order>
        <priority>200</priority>
        <rest_method/>
        <rest_method_text/>
        <rest_service/>
        <rest_service_text/>
        <rest_variables/>
        <role_conditions/>
        <script><![CDATA[(function executeRule(current, previous /*null when async*/) {

	var requestBody;
	var responseBody;
	var status;
	var sm;
	try{
		var data = {
			body : current.work_notes.getJournalEntry(1).toString()
		};
		
		sm = new sn_ws.RESTMessageV2('HV JIRA WIN', 'Post Worknotes to Jira');	
		sm.setStringParameter("JIRA Key", current.u_jira_id.toString());
		sm.setRequestBody(JSON.stringify(data));
		sm.setHttpTimeout(10000); //In milliseconds. Wait at most 10 seconds for response from http request.
		
		response = sm.execute();
		responseBody = response.haveError() ? response.getErrorMessage() : response.getBody();
		status = response.getStatusCode();
	} catch(ex) {
		responseBody = ex.getMessage();
		status = '500';
	} finally {
		requestBody = sm ? sm.getRequestBody():null;
	}	
	gs.info("response: " + responseBody);
})(current, previous);]]></script>
        <sys_class_name>sys_script</sys_class_name>
        <sys_created_by>admin</sys_created_by>
        <sys_created_on>2018-07-19 15:26:25</sys_created_on>
        <sys_domain>global</sys_domain>
        <sys_domain_path>/</sys_domain_path>
        <sys_id>d1a1d0534f171300c6094ea18110c702</sys_id>
        <sys_mod_count>4</sys_mod_count>
        <sys_name>Post Comment to JIRA</sys_name>
        <sys_overrides/>
        <sys_package display_value="IssueTracker" source="x_186140_issuetrac">08a9869e4f031300c6094ea18110c78c</sys_package>
        <sys_policy/>
        <sys_scope display_value="IssueTracker">08a9869e4f031300c6094ea18110c78c</sys_scope>
        <sys_update_name>sys_script_d1a1d0534f171300c6094ea18110c702</sys_update_name>
        <sys_updated_by>admin</sys_updated_by>
        <sys_updated_on>2018-07-19 15:36:09</sys_updated_on>
        <template/>
        <when>async</when>
    </sys_script>
    <sys_translated_text action="delete_multiple" query="documentkey=d1a1d0534f171300c6094ea18110c702"/>
</record_update>
