<?xml version="1.0" encoding="UTF-8"?>
<record_update>
    <sys_documentation element="u_jira_id" label="JIRA Key" language="en" table="x_186140_issuetrac_issuetracker_table">
        <sys_documentation action="INSERT_OR_UPDATE">
            <element>u_jira_id</element>
            <help/>
            <hint/>
            <label>JIRA Key</label>
            <language>en</language>
            <name>x_186140_issuetrac_issuetracker_table</name>
            <plural>JIRA Keys</plural>
            <sys_class_name>sys_documentation</sys_class_name>
            <sys_created_by>admin</sys_created_by>
            <sys_created_on>2018-07-18 12:49:14</sys_created_on>
            <sys_id>09142a724f931300c6094ea18110c765</sys_id>
            <sys_mod_count>1</sys_mod_count>
            <sys_name>JIRA Key</sys_name>
            <sys_package display_value="IssueTracker" source="x_186140_issuetrac">08a9869e4f031300c6094ea18110c78c</sys_package>
            <sys_policy/>
            <sys_scope display_value="IssueTracker">08a9869e4f031300c6094ea18110c78c</sys_scope>
            <sys_update_name>sys_documentation_x_186140_issuetrac_issuetracker_table_u_jira_id_en</sys_update_name>
            <sys_updated_by>admin</sys_updated_by>
            <sys_updated_on>2018-07-19 13:32:38</sys_updated_on>
            <url/>
            <url_target/>
        </sys_documentation>
    </sys_documentation>
</record_update>
