<?xml version="1.0" encoding="UTF-8"?>
<record_update table="sys_properties">
    <sys_properties action="INSERT_OR_UPDATE">
        <choices/>
        <description>Benutzer der Daten an Jira übertragen soll.</description>
        <ignore_cache>false</ignore_cache>
        <is_private>false</is_private>
        <name>x_186140_issuetrac.ServiceAccountName</name>
        <read_roles>x_186140_issuetrac.user</read_roles>
        <suffix>ServiceAccountName</suffix>
        <sys_class_name>sys_properties</sys_class_name>
        <sys_created_by>admin</sys_created_by>
        <sys_created_on>2018-07-18 12:54:41</sys_created_on>
        <sys_id>a50226324f931300c6094ea18110c7cd</sys_id>
        <sys_mod_count>1</sys_mod_count>
        <sys_name>x_186140_issuetrac.ServiceAccountName</sys_name>
        <sys_package display_value="IssueTracker" source="x_186140_issuetrac">08a9869e4f031300c6094ea18110c78c</sys_package>
        <sys_policy/>
        <sys_scope display_value="IssueTracker">08a9869e4f031300c6094ea18110c78c</sys_scope>
        <sys_update_name>sys_properties_a50226324f931300c6094ea18110c7cd</sys_update_name>
        <sys_updated_by>admin</sys_updated_by>
        <sys_updated_on>2018-07-18 13:49:17</sys_updated_on>
        <type>string</type>
        <value>servicenow</value>
        <write_roles>x_186140_issuetrac.Jira_ServiceUser</write_roles>
    </sys_properties>
    <sys_translated_text action="delete_multiple" query="documentkey=a50226324f931300c6094ea18110c7cd"/>
</record_update>
