<?xml version="1.0" encoding="UTF-8"?>
<record_update table="sys_wizard_answer">
    <sys_wizard_answer action="INSERT_OR_UPDATE">
        <active>true</active>
        <answer>IssueTracker Table</answer>
        <button_label/>
        <dependent_value/>
        <element/>
        <name>IssueTracker Table</name>
        <next_question/>
        <order>100</order>
        <payload_name/>
        <question display_value="Task" name="Task">e8cad1555d121300651727c3e282e84b</question>
        <roles/>
        <script/>
        <sys_class_name>sys_wizard_answer</sys_class_name>
        <sys_created_by>system</sys_created_by>
        <sys_created_on>2018-07-18 09:41:52</sys_created_on>
        <sys_id>6439357a4f131300c6094ea18110c706</sys_id>
        <sys_mod_count>0</sys_mod_count>
        <sys_name>IssueTracker Table</sys_name>
        <sys_package display_value="IssueTracker" source="x_186140_issuetrac">08a9869e4f031300c6094ea18110c78c</sys_package>
        <sys_policy/>
        <sys_scope display_value="IssueTracker">08a9869e4f031300c6094ea18110c78c</sys_scope>
        <sys_update_name>sys_wizard_answer_6439357a4f131300c6094ea18110c706</sys_update_name>
        <sys_updated_by>system</sys_updated_by>
        <sys_updated_on>2018-07-18 09:41:52</sys_updated_on>
        <table/>
        <target_url>x_186140_issuetrac_issuetracker_table.do</target_url>
        <type>1</type>
    </sys_wizard_answer>
</record_update>
