<?xml version="1.0" encoding="UTF-8"?>
<record_update table="sys_script_fix">
    <sys_script_fix action="INSERT_OR_UPDATE">
        <active>true</active>
        <before>false</before>
        <description/>
        <flush_cache>false</flush_cache>
        <name>Add Jira Service Account</name>
        <run_once>true</run_once>
        <script><![CDATA[var firstName ='Jira';
var lastName = 'ServiceAccount';

// create user in sys_user table
var newUser = new GlideRecord('sys_user');
newUser.initialize();
newUser.user_password.setDisplayValue("hvdev.1");
newUser.password_needs_reset = false;
newUser.first_name = firstName;
newUser.last_name = lastName;
newUser.user_name = firstName + ' ' + lastName;
newUser.insert();

// query for role to add
var role  = new GlideRecord('sys_user_role');
role.addQuery('name', 'x_186140_issuetrac.Jira_ServiceUser');
role.query();
while(role.next()) {
	gs.info('role: ' + role.name);
	gs.info('sys_id: ' + role.sys_id);
	// add role to user by creating entry in sys_user_has_role table
	var grd = new GlideRecord('sys_user_has_role');
	grd.user = newUser.sys_id;
	grd.role = role.sys_id;
	grd.insert();
}

gs.info('user added');
]]></script>
        <sys_class_name>sys_script_fix</sys_class_name>
        <sys_created_by>admin</sys_created_by>
        <sys_created_on>2018-07-04 13:41:05</sys_created_on>
        <sys_id>48772e164fc31300c6094ea18110c7ac</sys_id>
        <sys_mod_count>14</sys_mod_count>
        <sys_name>Add Jira Service Account</sys_name>
        <sys_package display_value="IssueTracker" source="x_186140_issuetrac">08a9869e4f031300c6094ea18110c78c</sys_package>
        <sys_policy/>
        <sys_scope display_value="IssueTracker">08a9869e4f031300c6094ea18110c78c</sys_scope>
        <sys_update_name>sys_script_fix_48772e164fc31300c6094ea18110c7ac</sys_update_name>
        <sys_updated_by>admin</sys_updated_by>
        <sys_updated_on>2018-07-19 08:44:18</sys_updated_on>
        <unloadable>false</unloadable>
    </sys_script_fix>
</record_update>
