<?xml version="1.0" encoding="UTF-8"?>
<record_update table="sys_security_acl">
    <sys_security_acl action="INSERT_OR_UPDATE">
        <active>true</active>
        <admin_overrides>true</admin_overrides>
        <advanced>false</advanced>
        <condition/>
        <description>Default access control on x_186140_issuetrac_issuetracker_table</description>
        <name>x_186140_issuetrac_issuetracker_table</name>
        <operation display_value="create">create</operation>
        <script/>
        <sys_class_name>sys_security_acl</sys_class_name>
        <sys_created_by>admin</sys_created_by>
        <sys_created_on>2018-07-04 11:21:01</sys_created_on>
        <sys_id>54a902924f831300c6094ea18110c7f0</sys_id>
        <sys_mod_count>0</sys_mod_count>
        <sys_name>x_186140_issuetrac_issuetracker_table</sys_name>
        <sys_package display_value="IssueTracker" source="x_186140_issuetrac">08a9869e4f031300c6094ea18110c78c</sys_package>
        <sys_policy/>
        <sys_scope display_value="IssueTracker">08a9869e4f031300c6094ea18110c78c</sys_scope>
        <sys_update_name>sys_security_acl_54a902924f831300c6094ea18110c7f0</sys_update_name>
        <sys_updated_by>admin</sys_updated_by>
        <sys_updated_on>2018-07-04 11:21:01</sys_updated_on>
        <type display_value="record">record</type>
    </sys_security_acl>
</record_update>
