<?xml version="1.0" encoding="UTF-8"?>
<record_update table="sys_properties_category">
    <sys_properties_category action="INSERT_OR_UPDATE">
        <name>HanseVision Issue Tracker</name>
        <sys_class_name>sys_properties_category</sys_class_name>
        <sys_created_by>admin</sys_created_by>
        <sys_created_on>2018-07-18 13:06:38</sys_created_on>
        <sys_id>d5f7eef24f931300c6094ea18110c7c0</sys_id>
        <sys_mod_count>0</sys_mod_count>
        <sys_name>HanseVision Issue Tracker</sys_name>
        <sys_package display_value="IssueTracker" source="x_186140_issuetrac">08a9869e4f031300c6094ea18110c78c</sys_package>
        <sys_policy/>
        <sys_scope display_value="IssueTracker">08a9869e4f031300c6094ea18110c78c</sys_scope>
        <sys_update_name>sys_properties_category_d5f7eef24f931300c6094ea18110c7c0</sys_update_name>
        <sys_updated_by>admin</sys_updated_by>
        <sys_updated_on>2018-07-18 13:06:38</sys_updated_on>
        <title/>
    </sys_properties_category>
    <sys_translated_text action="delete_multiple" query="documentkey=d5f7eef24f931300c6094ea18110c7c0"/>
</record_update>
