<?xml version="1.0" encoding="UTF-8"?>
<record_update table="sys_properties_category_m2m">
    <sys_properties_category_m2m action="INSERT_OR_UPDATE">
        <category display_value="HanseVision Issue Tracker">d5f7eef24f931300c6094ea18110c7c0</category>
        <order>100</order>
        <property display_value="x_186140_issuetrac.ServiceAccountName" name="x_186140_issuetrac.ServiceAccountName">a50226324f931300c6094ea18110c7cd</property>
        <sys_class_name>sys_properties_category_m2m</sys_class_name>
        <sys_created_by>admin</sys_created_by>
        <sys_created_on>2018-07-18 13:07:21</sys_created_on>
        <sys_id>2e38a2364f931300c6094ea18110c70e</sys_id>
        <sys_mod_count>0</sys_mod_count>
        <sys_name>x_186140_issuetrac.ServiceAccountName.HanseVision Issue Tracker</sys_name>
        <sys_package display_value="IssueTracker" source="x_186140_issuetrac">08a9869e4f031300c6094ea18110c78c</sys_package>
        <sys_policy/>
        <sys_scope display_value="IssueTracker">08a9869e4f031300c6094ea18110c78c</sys_scope>
        <sys_update_name>sys_properties_category_m2m_2e38a2364f931300c6094ea18110c70e</sys_update_name>
        <sys_updated_by>admin</sys_updated_by>
        <sys_updated_on>2018-07-18 13:07:21</sys_updated_on>
    </sys_properties_category_m2m>
</record_update>
