<?xml version="1.0" encoding="UTF-8"?>
<record_update table="sys_rest_message_fn_parameters">
    <sys_rest_message_fn_parameters action="INSERT_OR_UPDATE">
        <name>JIRA Key</name>
        <rest_message_function display_value="Post Worknotes to Jira">e8101c534f171300c6094ea18110c7b0</rest_message_function>
        <sys_class_name>sys_rest_message_fn_parameters</sys_class_name>
        <sys_created_by>admin</sys_created_by>
        <sys_created_on>2018-07-19 15:24:24</sys_created_on>
        <sys_id>fb21dc534f171300c6094ea18110c7e6</sys_id>
        <sys_mod_count>1</sys_mod_count>
        <sys_name>JIRA Key</sys_name>
        <sys_package display_value="IssueTracker" source="x_186140_issuetrac">08a9869e4f031300c6094ea18110c78c</sys_package>
        <sys_policy/>
        <sys_scope display_value="IssueTracker">08a9869e4f031300c6094ea18110c78c</sys_scope>
        <sys_update_name>sys_rest_message_fn_parameters_fb21dc534f171300c6094ea18110c7e6</sys_update_name>
        <sys_updated_by>admin</sys_updated_by>
        <sys_updated_on>2018-07-19 15:24:42</sys_updated_on>
        <type>string</type>
        <value>SSIT-1</value>
    </sys_rest_message_fn_parameters>
</record_update>
