<?xml version="1.0" encoding="UTF-8"?>
<record_update sys_domain="global" table="sys_script">
    <sys_script action="INSERT_OR_UPDATE">
        <abort_action>false</abort_action>
        <access>package_private</access>
        <action_delete>false</action_delete>
        <action_insert>true</action_insert>
        <action_query>false</action_query>
        <action_update>true</action_update>
        <active>true</active>
        <add_message>false</add_message>
        <advanced>true</advanced>
        <change_fields>false</change_fields>
        <client_callable>false</client_callable>
        <collection>x_186140_issuetrac_issuetracker_table</collection>
        <condition/>
        <description/>
        <execute_function>false</execute_function>
        <filter_condition table="x_186140_issuetrac_issuetracker_table">u_export=true^u_exported=false^EQ<item endquery="false" field="u_export" goto="false" newquery="false" operator="=" or="false" value="true"/>
            <item endquery="false" field="u_exported" goto="false" newquery="false" operator="=" or="false" value="false"/>
            <item endquery="true" field="" goto="false" newquery="false" operator="=" or="false" value=""/>
        </filter_condition>
        <is_rest>false</is_rest>
        <message/>
        <name>Export to Jira</name>
        <order>100</order>
        <priority>100</priority>
        <rest_method/>
        <rest_method_text/>
        <rest_service/>
        <rest_service_text/>
        <rest_variables/>
        <role_conditions/>
        <script><![CDATA[(function executeRule(current, previous /*null when async*/) {

	var requestBody;
	var responseBody;
	var status;
	var sm;
	try{
		var data = {
			fields: {
				project:
				{
					key: "SSIT"
				},
				summary: current.short_description.toString(),
				description: current.description.toString(),
				issuetype: {
					name: "Bug"
				}
				
			}
		};
		
		sm = new sn_ws.RESTMessageV2('HV JIRA WIN', 'POST');		
		sm.setRequestBody(JSON.stringify(data));
		sm.setHttpTimeout(10000); //In milliseconds. Wait at most 10 seconds for response from http request.
		
		response = sm.execute();
		responseBody = response.haveError() ? response.getErrorMessage() : response.getBody();
		status = response.getStatusCode();
	} catch(ex) {
		responseBody = ex.getMessage();
		status = '500';
	} finally {
		requestBody = sm ? sm.getRequestBody():null;
	}
	
	var responsedJson = JSON.parse(responseBody);
	current.u_jira_id = responsedJson.key;
	current.u_exported = true;
	current.update('Exported to Jira');
	
})(current, previous);]]></script>
        <sys_class_name>sys_script</sys_class_name>
        <sys_created_by>admin</sys_created_by>
        <sys_created_on>2018-07-18 13:48:50</sys_created_on>
        <sys_domain>global</sys_domain>
        <sys_domain_path>/</sys_domain_path>
        <sys_id>f09c967e4f531300c6094ea18110c78d</sys_id>
        <sys_mod_count>24</sys_mod_count>
        <sys_name>Export to Jira</sys_name>
        <sys_overrides/>
        <sys_package display_value="IssueTracker" source="x_186140_issuetrac">08a9869e4f031300c6094ea18110c78c</sys_package>
        <sys_policy/>
        <sys_scope display_value="IssueTracker">08a9869e4f031300c6094ea18110c78c</sys_scope>
        <sys_update_name>sys_script_f09c967e4f531300c6094ea18110c78d</sys_update_name>
        <sys_updated_by>admin</sys_updated_by>
        <sys_updated_on>2018-07-19 15:18:01</sys_updated_on>
        <template/>
        <when>async</when>
    </sys_script>
    <sys_translated_text action="delete_multiple" query="documentkey=f09c967e4f531300c6094ea18110c78d"/>
</record_update>
