<?xml version="1.0" encoding="UTF-8"?>
<record_update>
    <sys_dictionary action="INSERT_OR_UPDATE" element="u_caller" table="x_186140_issuetrac_issuetracker_table">
        <active>true</active>
        <array>false</array>
        <array_denormalized>false</array_denormalized>
        <attributes/>
        <audit>false</audit>
        <calculation/>
        <choice>0</choice>
        <choice_field/>
        <choice_table/>
        <column_label>Caller</column_label>
        <comments/>
        <create_roles/>
        <default_value/>
        <defaultsort/>
        <delete_roles/>
        <dependent>company</dependent>
        <dependent_on_field>company</dependent_on_field>
        <display>false</display>
        <dynamic_creation>false</dynamic_creation>
        <dynamic_creation_script/>
        <dynamic_default_value/>
        <dynamic_ref_qual/>
        <element>u_caller</element>
        <element_reference>false</element_reference>
        <foreign_database/>
        <function_definition/>
        <function_field>false</function_field>
        <internal_type display_value="Reference">reference</internal_type>
        <mandatory>true</mandatory>
        <max_length>32</max_length>
        <name>x_186140_issuetrac_issuetracker_table</name>
        <next_element/>
        <primary>false</primary>
        <read_only>false</read_only>
        <read_roles/>
        <reference display_value="" name="sys_user">sys_user</reference>
        <reference_cascade_rule/>
        <reference_floats>false</reference_floats>
        <reference_key/>
        <reference_qual/>
        <reference_qual_condition/>
        <reference_type/>
        <sizeclass/>
        <spell_check>false</spell_check>
        <staged>false</staged>
        <sys_class_name>sys_dictionary</sys_class_name>
        <sys_created_by>admin</sys_created_by>
        <sys_created_on>2018-07-04 11:44:49</sys_created_on>
        <sys_id>6a8628f14f631300c6094ea18110c766</sys_id>
        <sys_mod_count>0</sys_mod_count>
        <sys_name>Caller</sys_name>
        <sys_package display_value="IssueTracker" source="x_186140_issuetrac">08a9869e4f031300c6094ea18110c78c</sys_package>
        <sys_policy/>
        <sys_scope display_value="IssueTracker">08a9869e4f031300c6094ea18110c78c</sys_scope>
        <sys_update_name>sys_dictionary_x_186140_issuetrac_issuetracker_table_u_caller</sys_update_name>
        <sys_updated_by>system</sys_updated_by>
        <sys_updated_on>2018-07-27 11:22:31</sys_updated_on>
        <table_reference>false</table_reference>
        <text_index>false</text_index>
        <unique>false</unique>
        <use_dependent_field>true</use_dependent_field>
        <use_dynamic_default>false</use_dynamic_default>
        <use_reference_qualifier>simple</use_reference_qualifier>
        <virtual>false</virtual>
        <widget/>
        <write_roles/>
        <xml_view>false</xml_view>
    </sys_dictionary>
</record_update>
