<?xml version="1.0" encoding="UTF-8"?>
<record_update table="sys_ws_operation">
    <sys_ws_operation action="INSERT_OR_UPDATE">
        <active>true</active>
        <consumes>application/json,application/xml,text/xml</consumes>
        <consumes_customized>false</consumes_customized>
        <default_operation_uri/>
        <enforce_acl>cf9d01d3e73003009d6247e603f6a990</enforce_acl>
        <http_method>POST</http_method>
        <name>Update Receiver</name>
        <operation_script><![CDATA[(function process(/*RESTAPIRequest*/ request, /*RESTAPIResponse*/ response) {

    gs.info(request.body.dataString);

})(request, response);]]></operation_script>
        <operation_uri>/api/x_186140_issuetrac/jira_webhook</operation_uri>
        <produces>application/json,application/xml,text/xml</produces>
        <produces_customized>false</produces_customized>
        <relative_path>/</relative_path>
        <request_example/>
        <requires_acl_authorization>true</requires_acl_authorization>
        <requires_authentication>false</requires_authentication>
        <short_description/>
        <sys_class_name>sys_ws_operation</sys_class_name>
        <sys_created_by>admin</sys_created_by>
        <sys_created_on>2018-07-20 14:59:46</sys_created_on>
        <sys_id>ba34d56b4f131300c6094ea18110c769</sys_id>
        <sys_mod_count>3</sys_mod_count>
        <sys_name>Update Receiver</sys_name>
        <sys_package display_value="IssueTracker" source="x_186140_issuetrac">08a9869e4f031300c6094ea18110c78c</sys_package>
        <sys_policy/>
        <sys_scope display_value="IssueTracker">08a9869e4f031300c6094ea18110c78c</sys_scope>
        <sys_update_name>sys_ws_operation_ba34d56b4f131300c6094ea18110c769</sys_update_name>
        <sys_updated_by>admin</sys_updated_by>
        <sys_updated_on>2018-07-20 15:19:55</sys_updated_on>
        <web_service_definition display_value="Jira Webhook">ff43dd2b4f131300c6094ea18110c777</web_service_definition>
        <web_service_version/>
    </sys_ws_operation>
</record_update>
