<?xml version="1.0" encoding="UTF-8"?>
<record_update>
    <sys_documentation element="u_export" label="Export to JIRA" language="en" table="x_186140_issuetrac_issuetracker_table">
        <sys_documentation action="INSERT_OR_UPDATE">
            <element>u_export</element>
            <help/>
            <hint/>
            <label>Export to JIRA</label>
            <language>en</language>
            <name>x_186140_issuetrac_issuetracker_table</name>
            <plural>Export to JIRAs</plural>
            <sys_class_name>sys_documentation</sys_class_name>
            <sys_created_by>admin</sys_created_by>
            <sys_created_on>2018-07-04 13:18:29</sys_created_on>
            <sys_id>998462d24fc31300c6094ea18110c763</sys_id>
            <sys_mod_count>0</sys_mod_count>
            <sys_name>Export to JIRA</sys_name>
            <sys_package display_value="IssueTracker" source="x_186140_issuetrac">08a9869e4f031300c6094ea18110c78c</sys_package>
            <sys_policy/>
            <sys_scope display_value="IssueTracker">08a9869e4f031300c6094ea18110c78c</sys_scope>
            <sys_update_name>sys_documentation_x_186140_issuetrac_issuetracker_table_u_export_en</sys_update_name>
            <sys_updated_by>admin</sys_updated_by>
            <sys_updated_on>2018-07-04 13:18:29</sys_updated_on>
            <url/>
            <url_target/>
        </sys_documentation>
    </sys_documentation>
</record_update>
