<?xml version="1.0" encoding="UTF-8"?>
<record_update table="sys_security_acl_role">
    <sys_security_acl_role action="INSERT_OR_UPDATE">
        <sys_class_name>sys_security_acl_role</sys_class_name>
        <sys_created_by>admin</sys_created_by>
        <sys_created_on>2018-07-04 11:21:01</sys_created_on>
        <sys_id>18a902924f831300c6094ea18110c7f8</sys_id>
        <sys_mod_count>0</sys_mod_count>
        <sys_name>x_186140_issuetrac_issuetracker_table.x_186140_issuetrac.user</sys_name>
        <sys_package display_value="IssueTracker" source="x_186140_issuetrac">08a9869e4f031300c6094ea18110c78c</sys_package>
        <sys_policy/>
        <sys_scope display_value="IssueTracker">08a9869e4f031300c6094ea18110c78c</sys_scope>
        <sys_security_acl display_value="x_186140_issuetrac_issuetracker_table">d0a902924f831300c6094ea18110c7f6</sys_security_acl>
        <sys_update_name>sys_security_acl_role_18a902924f831300c6094ea18110c7f8</sys_update_name>
        <sys_updated_by>admin</sys_updated_by>
        <sys_updated_on>2018-07-04 11:21:01</sys_updated_on>
        <sys_user_role display_value="x_186140_issuetrac.user" name="x_186140_issuetrac.user">94a902924f831300c6094ea18110c7df</sys_user_role>
        <transaction_id/>
    </sys_security_acl_role>
</record_update>
