<?xml version="1.0" encoding="UTF-8"?>
<record_update table="sys_script_fix">
    <sys_script_fix action="INSERT_OR_UPDATE">
        <active>true</active>
        <before>false</before>
        <description/>
        <flush_cache>false</flush_cache>
        <name>Create JIRA WIN Webhook</name>
        <run_once>true</run_once>
        <script><![CDATA[// https://dev28350.service-now.com/api/x_186140_issuetrac/jira_webhook
// https://dev28350.service-now.com/api/snc/jira_webhook]]></script>
        <sys_class_name>sys_script_fix</sys_class_name>
        <sys_created_by>admin</sys_created_by>
        <sys_created_on>2018-07-20 15:02:51</sys_created_on>
        <sys_id>586551ab4f131300c6094ea18110c759</sys_id>
        <sys_mod_count>0</sys_mod_count>
        <sys_name>Create JIRA WIN Webhook</sys_name>
        <sys_package display_value="IssueTracker" source="x_186140_issuetrac">08a9869e4f031300c6094ea18110c78c</sys_package>
        <sys_policy/>
        <sys_scope display_value="IssueTracker">08a9869e4f031300c6094ea18110c78c</sys_scope>
        <sys_update_name>sys_script_fix_586551ab4f131300c6094ea18110c759</sys_update_name>
        <sys_updated_by>admin</sys_updated_by>
        <sys_updated_on>2018-07-20 15:02:51</sys_updated_on>
        <unloadable>false</unloadable>
    </sys_script_fix>
</record_update>
