<?xml version="1.0" encoding="UTF-8"?>
<record_update table="sys_rest_message_headers">
    <sys_rest_message_headers action="INSERT_OR_UPDATE">
        <name>charset</name>
        <rest_message display_value="HV JIRA WIN">8b2c7e0b4f131300c6094ea18110c7c0</rest_message>
        <sys_class_name>sys_rest_message_headers</sys_class_name>
        <sys_created_by>admin</sys_created_by>
        <sys_created_on>2018-07-19 15:10:05</sys_created_on>
        <sys_id>4eed0c134f171300c6094ea18110c73f</sys_id>
        <sys_mod_count>1</sys_mod_count>
        <sys_name>charset</sys_name>
        <sys_package display_value="IssueTracker" source="x_186140_issuetrac">08a9869e4f031300c6094ea18110c78c</sys_package>
        <sys_policy/>
        <sys_scope display_value="IssueTracker">08a9869e4f031300c6094ea18110c78c</sys_scope>
        <sys_update_name>sys_rest_message_headers_4eed0c134f171300c6094ea18110c73f</sys_update_name>
        <sys_updated_by>admin</sys_updated_by>
        <sys_updated_on>2018-07-19 15:10:36</sys_updated_on>
        <value>utf-8</value>
    </sys_rest_message_headers>
</record_update>
