<?xml version="1.0" encoding="UTF-8"?>
<record_update>
    <sys_ui_section caption="" section_id="28c9c2da4f031300c6094ea18110c7be" sys_domain="global" table="x_186140_issuetrac_issuetracker_table" version="3" view="">
        <sys_ui_element action="INSERT_OR_UPDATE">
            <element>number</element>
            <position>0</position>
            <sys_created_by>admin</sys_created_by>
            <sys_created_on>2018-07-19 13:32:38</sys_created_on>
            <sys_id>6697f3474fd31300c6094ea18110c72f</sys_id>
            <sys_mod_count>0</sys_mod_count>
            <sys_ui_formatter/>
            <sys_ui_section caption="NULL" display_value="" name="x_186140_issuetrac_issuetracker_table" sys_domain="global" view="Default view">28c9c2da4f031300c6094ea18110c7be</sys_ui_section>
            <sys_updated_by>admin</sys_updated_by>
            <sys_updated_on>2018-07-19 13:32:38</sys_updated_on>
            <sys_user/>
            <type/>
        </sys_ui_element>
        <sys_ui_element action="INSERT_OR_UPDATE">
            <element>contact_type</element>
            <position>1</position>
            <sys_created_by>admin</sys_created_by>
            <sys_created_on>2018-07-19 13:32:38</sys_created_on>
            <sys_id>ea97f3474fd31300c6094ea18110c72f</sys_id>
            <sys_mod_count>0</sys_mod_count>
            <sys_ui_formatter/>
            <sys_ui_section caption="NULL" display_value="" name="x_186140_issuetrac_issuetracker_table" sys_domain="global" view="Default view">28c9c2da4f031300c6094ea18110c7be</sys_ui_section>
            <sys_updated_by>admin</sys_updated_by>
            <sys_updated_on>2018-07-19 13:32:38</sys_updated_on>
            <sys_user/>
            <type/>
        </sys_ui_element>
        <sys_ui_element action="INSERT_OR_UPDATE">
            <element>u_caller</element>
            <position>2</position>
            <sys_created_by>admin</sys_created_by>
            <sys_created_on>2018-07-19 13:32:38</sys_created_on>
            <sys_id>6e97f3474fd31300c6094ea18110c72f</sys_id>
            <sys_mod_count>0</sys_mod_count>
            <sys_ui_formatter/>
            <sys_ui_section caption="NULL" display_value="" name="x_186140_issuetrac_issuetracker_table" sys_domain="global" view="Default view">28c9c2da4f031300c6094ea18110c7be</sys_ui_section>
            <sys_updated_by>admin</sys_updated_by>
            <sys_updated_on>2018-07-19 13:32:38</sys_updated_on>
            <sys_user/>
            <type/>
        </sys_ui_element>
        <sys_ui_element action="INSERT_OR_UPDATE">
            <element>u_category</element>
            <position>3</position>
            <sys_created_by>admin</sys_created_by>
            <sys_created_on>2018-07-19 13:32:38</sys_created_on>
            <sys_id>ee97f3474fd31300c6094ea18110c72f</sys_id>
            <sys_mod_count>0</sys_mod_count>
            <sys_ui_formatter/>
            <sys_ui_section caption="NULL" display_value="" name="x_186140_issuetrac_issuetracker_table" sys_domain="global" view="Default view">28c9c2da4f031300c6094ea18110c7be</sys_ui_section>
            <sys_updated_by>admin</sys_updated_by>
            <sys_updated_on>2018-07-19 13:32:38</sys_updated_on>
            <sys_user/>
            <type/>
        </sys_ui_element>
        <sys_ui_element action="INSERT_OR_UPDATE">
            <element>.split</element>
            <position>4</position>
            <sys_created_by>admin</sys_created_by>
            <sys_created_on>2018-07-19 13:32:38</sys_created_on>
            <sys_id>6297f3474fd31300c6094ea18110c730</sys_id>
            <sys_mod_count>0</sys_mod_count>
            <sys_ui_formatter/>
            <sys_ui_section caption="NULL" display_value="" name="x_186140_issuetrac_issuetracker_table" sys_domain="global" view="Default view">28c9c2da4f031300c6094ea18110c7be</sys_ui_section>
            <sys_updated_by>admin</sys_updated_by>
            <sys_updated_on>2018-07-19 13:32:38</sys_updated_on>
            <sys_user/>
            <type>.split</type>
        </sys_ui_element>
        <sys_ui_element action="INSERT_OR_UPDATE">
            <element>state</element>
            <position>5</position>
            <sys_created_by>admin</sys_created_by>
            <sys_created_on>2018-07-19 13:32:38</sys_created_on>
            <sys_id>e297f3474fd31300c6094ea18110c730</sys_id>
            <sys_mod_count>0</sys_mod_count>
            <sys_ui_formatter/>
            <sys_ui_section caption="NULL" display_value="" name="x_186140_issuetrac_issuetracker_table" sys_domain="global" view="Default view">28c9c2da4f031300c6094ea18110c7be</sys_ui_section>
            <sys_updated_by>admin</sys_updated_by>
            <sys_updated_on>2018-07-19 13:32:38</sys_updated_on>
            <sys_user/>
            <type/>
        </sys_ui_element>
        <sys_ui_element action="INSERT_OR_UPDATE">
            <element>priority</element>
            <position>6</position>
            <sys_created_by>admin</sys_created_by>
            <sys_created_on>2018-07-19 13:32:38</sys_created_on>
            <sys_id>6697f3474fd31300c6094ea18110c730</sys_id>
            <sys_mod_count>0</sys_mod_count>
            <sys_ui_formatter/>
            <sys_ui_section caption="NULL" display_value="" name="x_186140_issuetrac_issuetracker_table" sys_domain="global" view="Default view">28c9c2da4f031300c6094ea18110c7be</sys_ui_section>
            <sys_updated_by>admin</sys_updated_by>
            <sys_updated_on>2018-07-19 13:32:38</sys_updated_on>
            <sys_user/>
            <type/>
        </sys_ui_element>
        <sys_ui_element action="INSERT_OR_UPDATE">
            <element>assigned_to</element>
            <position>7</position>
            <sys_created_by>admin</sys_created_by>
            <sys_created_on>2018-07-19 13:32:38</sys_created_on>
            <sys_id>e697f3474fd31300c6094ea18110c730</sys_id>
            <sys_mod_count>0</sys_mod_count>
            <sys_ui_formatter/>
            <sys_ui_section caption="NULL" display_value="" name="x_186140_issuetrac_issuetracker_table" sys_domain="global" view="Default view">28c9c2da4f031300c6094ea18110c7be</sys_ui_section>
            <sys_updated_by>admin</sys_updated_by>
            <sys_updated_on>2018-07-19 13:32:38</sys_updated_on>
            <sys_user/>
            <type/>
        </sys_ui_element>
        <sys_ui_element action="INSERT_OR_UPDATE">
            <element>assignment_group</element>
            <position>8</position>
            <sys_created_by>admin</sys_created_by>
            <sys_created_on>2018-07-19 13:32:38</sys_created_on>
            <sys_id>6a97f3474fd31300c6094ea18110c730</sys_id>
            <sys_mod_count>0</sys_mod_count>
            <sys_ui_formatter/>
            <sys_ui_section caption="NULL" display_value="" name="x_186140_issuetrac_issuetracker_table" sys_domain="global" view="Default view">28c9c2da4f031300c6094ea18110c7be</sys_ui_section>
            <sys_updated_by>admin</sys_updated_by>
            <sys_updated_on>2018-07-19 13:32:38</sys_updated_on>
            <sys_user/>
            <type/>
        </sys_ui_element>
        <sys_ui_element action="INSERT_OR_UPDATE">
            <element>.end_split</element>
            <position>9</position>
            <sys_created_by>admin</sys_created_by>
            <sys_created_on>2018-07-19 13:32:38</sys_created_on>
            <sys_id>ea97f3474fd31300c6094ea18110c730</sys_id>
            <sys_mod_count>0</sys_mod_count>
            <sys_ui_formatter/>
            <sys_ui_section caption="NULL" display_value="" name="x_186140_issuetrac_issuetracker_table" sys_domain="global" view="Default view">28c9c2da4f031300c6094ea18110c7be</sys_ui_section>
            <sys_updated_by>admin</sys_updated_by>
            <sys_updated_on>2018-07-19 13:32:38</sys_updated_on>
            <sys_user/>
            <type>.end_split</type>
        </sys_ui_element>
        <sys_ui_element action="INSERT_OR_UPDATE">
            <element>short_description</element>
            <position>10</position>
            <sys_created_by>admin</sys_created_by>
            <sys_created_on>2018-07-19 13:32:38</sys_created_on>
            <sys_id>6e97f3474fd31300c6094ea18110c730</sys_id>
            <sys_mod_count>0</sys_mod_count>
            <sys_ui_formatter/>
            <sys_ui_section caption="NULL" display_value="" name="x_186140_issuetrac_issuetracker_table" sys_domain="global" view="Default view">28c9c2da4f031300c6094ea18110c7be</sys_ui_section>
            <sys_updated_by>admin</sys_updated_by>
            <sys_updated_on>2018-07-19 13:32:38</sys_updated_on>
            <sys_user/>
            <type/>
        </sys_ui_element>
        <sys_ui_element action="INSERT_OR_UPDATE">
            <element>cxs_table_search.xml</element>
            <position>11</position>
            <sys_created_by>admin</sys_created_by>
            <sys_created_on>2018-07-19 13:32:38</sys_created_on>
            <sys_id>ee97f3474fd31300c6094ea18110c730</sys_id>
            <sys_mod_count>0</sys_mod_count>
            <sys_ui_formatter display_value="Contextual Search Results">11eb1622eb1121003623666cd206fe56</sys_ui_formatter>
            <sys_ui_section caption="NULL" display_value="" name="x_186140_issuetrac_issuetracker_table" sys_domain="global" view="Default view">28c9c2da4f031300c6094ea18110c7be</sys_ui_section>
            <sys_updated_by>admin</sys_updated_by>
            <sys_updated_on>2018-07-19 13:32:38</sys_updated_on>
            <sys_user/>
            <type>formatter</type>
        </sys_ui_element>
        <sys_ui_element action="INSERT_OR_UPDATE">
            <element>description</element>
            <position>12</position>
            <sys_created_by>admin</sys_created_by>
            <sys_created_on>2018-07-19 13:32:38</sys_created_on>
            <sys_id>a297f3474fd31300c6094ea18110c731</sys_id>
            <sys_mod_count>0</sys_mod_count>
            <sys_ui_formatter/>
            <sys_ui_section caption="NULL" display_value="" name="x_186140_issuetrac_issuetracker_table" sys_domain="global" view="Default view">28c9c2da4f031300c6094ea18110c7be</sys_ui_section>
            <sys_updated_by>admin</sys_updated_by>
            <sys_updated_on>2018-07-19 13:32:38</sys_updated_on>
            <sys_user/>
            <type/>
        </sys_ui_element>
        <sys_ui_section action="INSERT_OR_UPDATE">
            <caption/>
            <header>false</header>
            <name>x_186140_issuetrac_issuetracker_table</name>
            <roles/>
            <sys_class_name>sys_ui_section</sys_class_name>
            <sys_created_by>admin</sys_created_by>
            <sys_created_on>2018-07-04 11:21:34</sys_created_on>
            <sys_domain>global</sys_domain>
            <sys_domain_path>/</sys_domain_path>
            <sys_id>28c9c2da4f031300c6094ea18110c7be</sys_id>
            <sys_mod_count>0</sys_mod_count>
            <sys_name>x_186140_issuetrac_issuetracker_table</sys_name>
            <sys_overrides/>
            <sys_package display_value="IssueTracker" source="x_186140_issuetrac">08a9869e4f031300c6094ea18110c78c</sys_package>
            <sys_policy/>
            <sys_scope display_value="IssueTracker">08a9869e4f031300c6094ea18110c78c</sys_scope>
            <sys_update_name>sys_ui_section_28c9c2da4f031300c6094ea18110c7be</sys_update_name>
            <sys_updated_by>admin</sys_updated_by>
            <sys_updated_on>2018-07-04 11:21:34</sys_updated_on>
            <sys_user/>
            <title>true</title>
            <view display_value="Default view" name="NULL">Default view</view>
            <view_name/>
        </sys_ui_section>
    </sys_ui_section>
</record_update>
