<?xml version="1.0" encoding="UTF-8"?>
<record_update table="sys_number">
    <sys_number action="INSERT_OR_UPDATE">
        <category display_value="" name="x_186140_issuetrac_issuetracker_table">x_186140_issuetrac_issuetracker_table</category>
        <maximum_digits>8</maximum_digits>
        <number>1000</number>
        <prefix>HV</prefix>
        <sys_class_name>sys_number</sys_class_name>
        <sys_created_by>admin</sys_created_by>
        <sys_created_on>2018-07-04 11:21:02</sys_created_on>
        <sys_id>a4a942924f831300c6094ea18110c71f</sys_id>
        <sys_mod_count>0</sys_mod_count>
        <sys_name>HV</sys_name>
        <sys_package display_value="IssueTracker" source="x_186140_issuetrac">08a9869e4f031300c6094ea18110c78c</sys_package>
        <sys_policy/>
        <sys_scope display_value="IssueTracker">08a9869e4f031300c6094ea18110c78c</sys_scope>
        <sys_update_name>sys_number_a4a942924f831300c6094ea18110c71f</sys_update_name>
        <sys_updated_by>admin</sys_updated_by>
        <sys_updated_on>2018-07-04 11:21:02</sys_updated_on>
    </sys_number>
</record_update>
