<?xml version="1.0" encoding="UTF-8"?>
<record_update table="sys_scope_privilege">
    <sys_scope_privilege action="INSERT_OR_UPDATE">
        <operation>execute</operation>
        <source_scope display_value="IssueTracker">08a9869e4f031300c6094ea18110c78c</source_scope>
        <status>allowed</status>
        <sys_class_name>sys_scope_privilege</sys_class_name>
        <sys_created_by>admin</sys_created_by>
        <sys_created_on>2018-07-19 12:18:06</sys_created_on>
        <sys_id>fa86ef834f931300c6094ea18110c768</sys_id>
        <sys_mod_count>0</sys_mod_count>
        <sys_name>ScriptableRESTMessageClient.setStringParameter</sys_name>
        <sys_package display_value="IssueTracker" source="x_186140_issuetrac">08a9869e4f031300c6094ea18110c78c</sys_package>
        <sys_policy/>
        <sys_scope display_value="IssueTracker">08a9869e4f031300c6094ea18110c78c</sys_scope>
        <sys_update_name>sys_scope_privilege_fa86ef834f931300c6094ea18110c768</sys_update_name>
        <sys_updated_by>admin</sys_updated_by>
        <sys_updated_on>2018-07-19 12:18:06</sys_updated_on>
        <target_name>ScriptableRESTMessageClient.setStringParameter</target_name>
        <target_scope display_value="Global">global</target_scope>
        <target_type>scriptable</target_type>
    </sys_scope_privilege>
</record_update>
