<?xml version="1.0" encoding="UTF-8"?>
<record_update table="sys_app">
    <sys_app action="INSERT_OR_UPDATE">
        <active>true</active>
        <enforce_license>log</enforce_license>
        <js_level>helsinki_es5</js_level>
        <licensable>true</licensable>
        <license_model>none</license_model>
        <logo/>
        <menu display_value="HV Issue Tracker">80a9ce524f831300c6094ea18110c729</menu>
        <name>IssueTracker</name>
        <private>false</private>
        <restrict_table_access>false</restrict_table_access>
        <runtime_access_tracking>permissive</runtime_access_tracking>
        <scope>x_186140_issuetrac</scope>
        <scoped_administration>false</scoped_administration>
        <short_description/>
        <source>x_186140_issuetrac</source>
        <store_correlation_id/>
        <store_url/>
        <sys_class_name>sys_app</sys_class_name>
        <sys_code/>
        <sys_created_by>admin</sys_created_by>
        <sys_created_on>2018-07-04 11:21:00</sys_created_on>
        <sys_id>08a9869e4f031300c6094ea18110c78c</sys_id>
        <sys_mod_count>1</sys_mod_count>
        <sys_updated_by>admin</sys_updated_by>
        <sys_updated_on>2018-07-04 13:19:32</sys_updated_on>
        <template/>
        <trackable>true</trackable>
        <user_role display_value="x_186140_issuetrac.user" name="x_186140_issuetrac.user">94a902924f831300c6094ea18110c7df</user_role>
        <vendor/>
        <vendor_prefix/>
        <version>1.0.0</version>
    </sys_app>
</record_update>
